id;address_1;address_2;city;postcode;country
1;after second;boastfully wide;Flavieton;whereas an;Al
2;oblong;alongside;Luisshire;tract duel;Co
3;simple geez;tracking;Danville;before ane;To
4;walker;abaft likewise until;New Shanoncester;weakly;Mo
5;sherry chestnut;yet terrapin;Deangeloland;anenst dea;Ni
6;indeed;that scarcely;New Kenyatta;frankly we;Ma
7;disposer;incur unless;Port Lyricboro;ugh;Ir
8;slimy;although ugh contest;Macland;boohoo;No
9;fragrant;what closely upward;North Bria;poor lest;Mo
10;downchange pendulum;even;Fort Abdul;circle;Ph
