id;first_name;last_name;email;telephone
1;Lexus;Goyette;Kira_Tremblay@gmail.com;(431) 448-0756 x1713
2;Zion;Jacobi-Dietrich;Chad47@yahoo.com;1-704-692-6929 x835
3;Chance;Keebler;Marilyne20@yahoo.com;881.316.3035
4;Kody;Wilkinson;Elroy11@yahoo.com;(535) 224-1519 x56933
5;Lorna;Nitzsche;Esperanza80@yahoo.com;522.759.0150
6;Melyna;Crooks;Xzavier30@yahoo.com;(359) 851-2483 x656
7;Joanie;Hartmann;Jayne25@yahoo.com;(210) 419-9558 x043
8;Esperanza;Heaney;Rey.Cormier46@hotmail.com;899.278.6904 x80146
9;Travon;Mante;Amparo_Ratke@gmail.com;558-288-6976 x689
10;Blanche;Witting;Delfina73@yahoo.com;(357) 693-2477
